date,close,news
2010/7/17,0.04951,世界第一家比特币交易平台Mt.Gox在东京创立
2010/7/18,0.08584,
2010/7/19,0.0808,
2010/7/20,0.07474,
2010/7/21,0.07921,
2010/7/22,0.0505,
2010/7/23,0.06262,
2010/7/24,0.05454,
2010/7/25,0.0505,
2010/7/26,0.056,
2010/7/27,0.06,
2010/7/28,0.0589,
2010/7/29,0.0699,
2010/7/30,0.0627,
2010/7/31,0.06785,
2010/8/1,0.0611,
2010/8/2,0.06,
2010/8/3,0.06,
2010/8/4,0.057,
2010/8/5,0.061,
2010/8/6,0.0623,
2010/8/7,0.059,
2010/8/8,0.0609,
2010/8/9,0.071,
2010/8/10,0.07,
2010/8/11,0.067,
2010/8/12,0.07,
2010/8/13,0.0645,
2010/8/14,0.067,
2010/8/15,0.06529,
2010/8/16,0.0655,
2010/8/17,0.07,
2010/8/18,0.068,
2010/8/19,0.0667,
2010/8/20,0.0655,
2010/8/21,0.0664,
2010/8/22,0.066,
2010/8/23,0.06491,
2010/8/24,0.065,
2010/8/25,0.0648,
2010/8/26,0.064,
2010/8/27,0.065,
2010/8/28,0.0641,
2010/8/29,0.064,
2010/8/30,0.06497,
2010/8/31,0.06,
2010/9/1,0.0629,
2010/9/2,0.0634,
2010/9/3,0.06085,
2010/9/4,0.06238,
2010/9/5,0.0616,
2010/9/6,0.0616,
2010/9/7,0.061,
2010/9/8,0.062,
2010/9/9,0.06111,
2010/9/10,0.0618,
2010/9/11,0.06366,
2010/9/12,0.0615,
2010/9/13,0.06219,
2010/9/14,0.06199,
2010/9/15,0.0604,
2010/9/16,0.0619,
2010/9/17,0.059,
2010/9/18,0.061,
2010/9/19,0.0627,
2010/9/20,0.0621,
2010/9/21,0.06265,
2010/9/22,0.0622,
2010/9/23,0.06231,
2010/9/24,0.0622,
2010/9/25,0.06202,
2010/9/26,0.062,
2010/9/27,0.0622,
2010/9/28,0.0619,
2010/9/29,0.06191,
2010/9/30,0.0619,
2010/10/1,0.06197,
2010/10/2,0.0614,
2010/10/3,0.06111,
2010/10/4,0.0613,
2010/10/5,0.0614,
2010/10/6,0.06281,
2010/10/7,0.067,
2010/10/8,0.08685,
2010/10/9,0.0938,
2010/10/10,0.0965,
2010/10/11,0.095,
2010/10/12,0.0949,
2010/10/13,0.105,
2010/10/14,0.102,
2010/10/15,0.105,
2010/10/16,0.101,
2010/10/17,0.102,
2010/10/18,0.1024,
2010/10/19,0.097,
2010/10/20,0.099,
2010/10/21,0.107,
2010/10/22,0.1025,
2010/10/23,0.1055,
2010/10/24,0.115,
2010/10/25,0.132,
2010/10/26,0.1503,
2010/10/27,0.1877,
2010/10/28,0.1731,
2010/10/29,0.19,
2010/10/30,0.1989,
2010/10/31,0.1925,
2010/11/1,0.1955,
2010/11/2,0.1938,
2010/11/3,0.1931,
2010/11/4,0.23,
2010/11/5,0.26,
2010/11/6,0.39,比特币价格触碰$0.5，总市值达到100万美元
2010/11/7,0.34,
2010/11/8,0.243,
2010/11/9,0.21,
2010/11/10,0.24,
2010/11/11,0.2231,
2010/11/12,0.2682,
2010/11/13,0.276,
2010/11/14,0.279,
2010/11/15,0.2682,
2010/11/16,0.223,
2010/11/17,0.2299,
2010/11/18,0.2678,
2010/11/19,0.28,
2010/11/20,0.283,
2010/11/21,0.2767,
2010/11/22,0.2879,
2010/11/23,0.2829,
2010/11/24,0.283,
2010/11/25,0.28,
2010/11/26,0.2844,
2010/11/27,0.283,
2010/11/28,0.27,
2010/11/29,0.2299,
2010/11/30,0.2082,
2010/12/1,0.2275,
2010/12/2,0.255,
2010/12/3,0.251,
2010/12/4,0.205,
2010/12/5,0.19,
2010/12/6,0.204,
2010/12/7,0.233,
2010/12/8,0.2388,
2010/12/9,0.2,
2010/12/10,0.204,
2010/12/11,0.228,
2010/12/12,0.22,
2010/12/13,0.2299,
2010/12/14,0.2467,
2010/12/15,0.238,
2010/12/16,0.25,
2010/12/17,0.24,
2010/12/18,0.241,
2010/12/19,0.2401,
2010/12/20,0.267,
2010/12/21,0.24,
2010/12/22,0.25,
2010/12/23,0.25,
2010/12/24,0.248,
2010/12/25,0.2499,
2010/12/26,0.265,
2010/12/27,0.265,
2010/12/28,0.281,
2010/12/29,0.3,
2010/12/30,0.3,
2010/12/31,0.3,
2011/1/1,0.3,
2011/1/2,0.3,
2011/1/3,0.295,
2011/1/4,0.2989,
2011/1/5,0.299,
2011/1/6,0.298,
2011/1/7,0.32,
2011/1/8,0.3229,
2011/1/9,0.323,
2011/1/10,0.3266,
2011/1/11,0.3266,
2011/1/12,0.3188,
2011/1/13,0.3176,
2011/1/14,0.4,
2011/1/15,0.386,
2011/1/16,0.3868,
2011/1/17,0.3495,
2011/1/18,0.313,
2011/1/19,0.313,
2011/1/20,0.39,
2011/1/21,0.4199,
2011/1/22,0.4443,
2011/1/23,0.4424,
2011/1/24,0.4199,
2011/1/25,0.41,
2011/1/26,0.417,
2011/1/27,0.4212,
2011/1/28,0.446,
2011/1/29,0.439,
2011/1/30,0.4799,
2011/1/31,0.52,
2011/2/1,0.7,
2011/2/2,0.716,
2011/2/3,0.69,
2011/2/4,0.811,
2011/2/5,0.92,
2011/2/6,0.8997,
2011/2/7,0.89,
2011/2/8,0.918,
2011/2/9,1.09,
2011/2/10,0.9803,
2011/2/11,1.07,
2011/2/12,1.08,
2011/2/13,1.05,
2011/2/14,1.07,
2011/2/15,1.05,
2011/2/16,1.05,
2011/2/17,1.04,
2011/2/18,0.8989,
2011/2/19,0.949,
2011/2/20,0.85,
2011/2/21,0.8345,
2011/2/22,0.8702,
2011/2/23,0.9,
2011/2/24,0.9974,
2011/2/25,0.9111,
2011/2/26,0.958,
2011/2/27,0.89,
2011/2/28,0.86,
2011/3/1,0.9202,
2011/3/2,0.9399,
2011/3/3,0.9391,
2011/3/4,0.901,
2011/3/5,0.9103,
2011/3/6,0.8999,"全网计算速度达900Ghash/SEC,但很快又下跌了40%，挖矿进入显卡时代 "
2011/3/7,0.885,
2011/3/8,0.87,
2011/3/9,0.8645,
2011/3/10,0.9329,
2011/3/11,0.88,
2011/3/12,0.918,
2011/3/13,0.8925,
2011/3/14,0.8949,
2011/3/15,0.87,
2011/3/16,0.86,
2011/3/17,0.8254,
2011/3/18,0.8165,
2011/3/19,0.765,
2011/3/20,0.7411,
2011/3/21,0.759,
2011/3/22,0.809,
2011/3/23,0.8497,
2011/3/24,0.8669,
2011/3/25,0.8838,
2011/3/26,0.8552,
2011/3/27,0.82,
2011/3/28,0.799,
2011/3/29,0.7925,
2011/3/30,0.7897,
2011/3/31,0.7846,
2011/4/1,0.7741,
2011/4/2,0.782,
2011/4/3,0.779,
2011/4/4,0.68,
2011/4/5,0.71,
2011/4/6,0.74,
2011/4/7,0.7538,
2011/4/8,0.75,
2011/4/9,0.73,
2011/4/10,0.7369,
2011/4/11,0.77,
2011/4/12,0.86,
2011/4/13,0.9225,
2011/4/14,1,
2011/4/15,0.9899,
2011/4/16,1.05,《时代周刊》发表了关于比特币的文章，《福布斯》的“加密货币”报导问世 中本聪发出最后一封电邮后彻底消失
2011/4/17,1.11,
2011/4/18,1.16,
2011/4/19,1.2,
2011/4/20,1.14,
2011/4/21,1.21,
2011/4/22,1.41,
2011/4/23,1.7,
2011/4/24,1.63,
2011/4/25,1.56,
2011/4/26,1.79,
2011/4/27,1.9,
2011/4/28,2.21,
2011/4/29,2.88,
2011/4/30,3.5,
2011/5/1,3.03,
2011/5/2,3.2,
2011/5/3,3.41,
2011/5/4,3.41,
2011/5/5,3.33,
2011/5/6,3.45,
2011/5/7,3.64,
2011/5/8,3.87,
2011/5/9,3.8,
2011/5/10,5.81,
2011/5/11,5.5,
2011/5/12,6.3,
2011/5/13,8.2,
2011/5/14,7.2,
2011/5/15,6.99,
2011/5/16,8.03,
2011/5/17,7.19,
2011/5/18,6.88,
2011/5/19,6.81,
2011/5/20,5.59,
2011/5/21,6.12,
2011/5/22,6.69,
2011/5/23,7.15,
2011/5/24,7.42,
2011/5/25,8.4,
2011/5/26,8.8,
2011/5/27,8.5,
2011/5/28,8.3,
2011/5/29,8.43,
2011/5/30,8.8,
2011/5/31,8.74,
2011/6/1,9.57,
2011/6/2,10.6,
2011/6/3,14.29,
2011/6/4,18.89,
2011/6/5,16.7,
2011/6/6,18.55,
2011/6/7,23.92,
2011/6/8,29.6,
2011/6/9,28.92,
2011/6/10,23.95,
2011/6/11,14.65,
2011/6/12,18.55,
2011/6/13,19.84,
2011/6/14,19.28,
2011/6/15,19.49,
2011/6/16,17,
2011/6/17,15.68,
2011/6/18,16.89,
2011/6/19,17.51,
2011/6/20,17.51,
2011/6/21,17.51,
2011/6/22,17.51,
2011/6/23,17.51,
2011/6/24,17.51,
2011/6/25,17.51,
2011/6/26,16.45,
2011/6/27,16.75,
2011/6/28,16.95,
2011/6/29,16.85,
2011/6/30,16.1,
2011/7/1,15.4,
2011/7/2,15.4,
2011/7/3,15.44,
2011/7/4,13.86,
2011/7/5,12.91,
2011/7/6,14.78,
2011/7/7,14.78,
2011/7/8,14.31,
2011/7/9,14.38,
2011/7/10,14.9,
2011/7/11,14.21,
2011/7/12,14.01,
2011/7/13,13.95,
2011/7/14,13.99,
2011/7/15,13.81,
2011/7/16,13.72,
2011/7/17,13.16,
2011/7/18,13.48,
2011/7/19,13.85,
2011/7/20,13.69,
2011/7/21,13.61,
2011/7/22,13.7,
2011/7/23,13.68,
2011/7/24,13.98,
2011/7/25,14.05,
2011/7/26,13.88,
2011/7/27,13.94,
2011/7/28,13.49,
2011/7/29,13.5,
2011/7/30,13.53,
2011/7/31,13.35,
2011/8/1,13.09,
2011/8/2,12.05,
2011/8/3,9.26,
2011/8/4,10.75,
2011/8/5,9.8,
2011/8/6,6.55,
2011/8/7,7.9,
2011/8/8,7.8,
2011/8/9,9.99,
2011/8/10,9.98,
2011/8/11,9.46,
2011/8/12,9.46,
2011/8/13,10.13,
2011/8/14,10.8,
2011/8/15,11.15,
2011/8/16,10.96,
2011/8/17,10.95,
2011/8/18,10.83,
2011/8/19,11.65,
2011/8/20,11.45,第一次比特币会议和世博会在纽约召开
2011/8/21,11.31,
2011/8/22,10.9,
2011/8/23,10.94,
2011/8/24,10.85,
2011/8/25,9.66,
2011/8/26,8.18,
2011/8/27,8.59,
2011/8/28,9.07,
2011/8/29,8.97,
2011/8/30,8.79,
2011/8/31,8.2,
2011/9/1,8.21,
2011/9/2,8.64,
2011/9/3,8.48,
2011/9/4,8.18,
2011/9/5,7.61,
2011/9/6,6.86,
2011/9/7,7.19,
2011/9/8,6.53,
2011/9/9,5.03,
2011/9/10,4.77,
2011/9/11,5.86,
2011/9/12,6.08,
2011/9/13,5.8,
2011/9/14,5.62,
2011/9/15,4.84,
2011/9/16,4.82,
2011/9/17,4.77,
2011/9/18,5.2,
2011/9/19,5.46,
2011/9/20,6.11,
2011/9/21,5.61,
2011/9/22,5.43,
2011/9/23,5.55,
2011/9/24,5.47,
2011/9/25,5.33,
2011/9/26,4.87,
2011/9/27,4.92,
2011/9/28,4.77,
2011/9/29,4.78,
2011/9/30,5.14,
2011/10/1,5.03,
2011/10/2,5.03,
2011/10/3,5.02,
2011/10/4,4.96,
2011/10/5,4.87,
2011/10/6,4.73,
2011/10/7,4.27,
2011/10/8,4.01,
2011/10/9,4.1,
2011/10/10,4.1,
2011/10/11,3.93,
2011/10/12,4.15,
2011/10/13,4.05,
2011/10/14,3.99,
2011/10/15,3.84,
2011/10/16,3.56,
2011/10/17,2.56,
2011/10/18,2.42,
2011/10/19,2.27,
2011/10/20,2.35,
2011/10/21,2.57,
2011/10/22,3.16,
2011/10/23,3.17,
2011/10/24,2.55,
2011/10/25,2.77,
2011/10/26,2.77,
2011/10/27,3.04,
2011/10/28,3.19,
2011/10/29,3.58,
2011/10/30,3.27,
2011/10/31,3.25,
2011/11/1,3.15,
2011/11/2,3.25,
2011/11/3,3.15,
2011/11/4,3.11,
2011/11/5,2.97,
2011/11/6,2.96,
2011/11/7,3.01,
2011/11/8,3.04,
2011/11/9,2.95,
2011/11/10,2.84,
2011/11/11,3.08,
2011/11/12,3.03,
2011/11/13,3,
2011/11/14,2.22,
2011/11/15,2.33,
2011/11/16,2.56,
2011/11/17,2.25,
2011/11/18,2.05,
2011/11/19,2.2,
2011/11/20,2.2,
2011/11/21,2.29,
2011/11/22,2.33,
2011/11/23,2.33,
2011/11/24,2.43,
2011/11/25,2.51,
2011/11/26,2.47,
2011/11/27,2.48,
2011/11/28,2.55,
2011/11/29,2.75,
2011/11/30,2.97,
2011/12/1,3.06,
2011/12/2,3.12,
2011/12/3,2.79,
2011/12/4,2.83,
2011/12/5,2.88,
2011/12/6,3.03,
2011/12/7,2.99,
2011/12/8,2.98,
2011/12/9,2.97,
2011/12/10,3.05,
2011/12/11,3.25,
2011/12/12,3.14,
2011/12/13,3.25,
2011/12/14,3.15,
2011/12/15,3.2,
2011/12/16,3.2,
2011/12/17,3.2,
2011/12/18,3.19,
2011/12/19,3.52,
2011/12/20,3.95,
2011/12/21,3.89,
2011/12/22,3.89,
2011/12/23,3.95,
2011/12/24,3.94,
2011/12/25,4.22,
2011/12/26,4.02,
2011/12/27,4.07,
2011/12/28,4.19,
2011/12/29,4.17,
2011/12/30,4.25,
2011/12/31,4.72,
2012/1/1,5.27,
2012/1/2,5.22,
2012/1/3,4.88,
2012/1/4,5.57,
2012/1/5,6.95,
2012/1/6,6.7,
2012/1/7,6.81,
2012/1/8,7.11,
2012/1/9,6.33,
2012/1/10,6.36,
2012/1/11,6.9,
2012/1/12,6.8,
2012/1/13,6.41,
2012/1/14,6.75,
2012/1/15,7,
2012/1/16,6.68,
2012/1/17,5.6,
2012/1/18,5.92,
2012/1/19,6.36,
2012/1/20,6.49,
2012/1/21,6.18,
2012/1/22,6.31,
2012/1/23,6.36,
2012/1/24,6.29,
2012/1/25,5.75,
2012/1/26,5.34,
2012/1/27,5.29,
2012/1/28,5.63,
2012/1/29,5.38,
2012/1/30,5.49,
2012/1/31,5.48,
2012/2/1,6.08,
2012/2/2,6.1,
2012/2/3,5.96,
2012/2/4,5.87,
2012/2/5,5.69,
2012/2/6,5.45,
2012/2/7,5.69,
2012/2/8,5.6,
2012/2/9,5.83,
2012/2/10,5.91,
2012/2/11,5.6,
2012/2/12,5.51,
2012/2/13,5.26,
2012/2/14,4.46,
2012/2/15,4.33,
2012/2/16,4.27,
2012/2/17,4.41,
2012/2/18,4.22,
2012/2/19,4.39,
2012/2/20,4.36,
2012/2/21,4.27,
2012/2/22,4.42,
2012/2/23,5.01,
2012/2/24,5.03,
2012/2/25,4.77,
2012/2/26,4.92,
2012/2/27,4.96,
2012/2/28,4.87,
2012/2/29,4.86,
2012/3/1,4.92,"由于网站托管供应商Linode的服务器超级管理密码泄露，价值228,845美元的46703比特币失窃"
2012/3/2,4.7,
2012/3/3,4.61,
2012/3/4,4.82,
2012/3/5,4.98,
2012/3/6,4.99,
2012/3/7,4.94,
2012/3/8,4.93,
2012/3/9,4.86,
2012/3/10,4.83,
2012/3/11,4.91,
2012/3/12,4.89,
2012/3/13,5.27,
2012/3/14,5.38,
2012/3/15,5.33,
2012/3/16,5.34,
2012/3/17,5.22,
2012/3/18,5.28,
2012/3/19,4.69,
2012/3/20,4.84,
2012/3/21,4.81,
2012/3/22,4.7,
2012/3/23,4.69,
2012/3/24,4.68,
2012/3/25,4.55,
2012/3/26,4.62,
2012/3/27,4.81,
2012/3/28,4.79,
2012/3/29,4.81,
2012/3/30,4.86,
2012/3/31,4.91,
2012/4/1,4.83,
2012/4/2,4.97,
2012/4/3,4.95,
2012/4/4,4.91,
2012/4/5,4.92,
2012/4/6,4.95,
2012/4/7,4.69,
2012/4/8,4.79,
2012/4/9,4.87,
2012/4/10,4.84,
2012/4/11,4.93,
2012/4/12,4.92,
2012/4/13,4.94,
2012/4/14,4.96,
2012/4/15,4.97,
2012/4/16,4.93,
2012/4/17,4.98,
2012/4/18,5.12,
2012/4/19,5.14,
2012/4/20,5.35,
2012/4/21,5.26,
2012/4/22,5.2,
2012/4/23,4.96,
2012/4/24,5.1,
2012/4/25,5.13,
2012/4/26,5.1,
2012/4/27,5.11,
2012/4/28,4.98,
2012/4/29,4.9,
2012/4/30,4.95,
2012/5/1,5,
2012/5/2,5.07,
2012/5/3,5.13,
2012/5/4,5.07,
2012/5/5,5.08,
2012/5/6,5.05,
2012/5/7,5.06,
2012/5/8,5.05,
2012/5/9,5.04,
2012/5/10,4.85,
2012/5/11,4.96,
2012/5/12,4.95,
2012/5/13,4.93,
2012/5/14,5.01,
2012/5/15,5.04,
2012/5/16,5.09,
2012/5/17,5.1,
2012/5/18,5.12,
2012/5/19,5.1,
2012/5/20,5.09,
2012/5/21,5.1,
2012/5/22,5.1,
2012/5/23,5.14,
2012/5/24,5.12,
2012/5/25,5.15,
2012/5/26,5.1,
2012/5/27,5.14,
2012/5/28,5.14,
2012/5/29,5.15,
2012/5/30,5.14,
2012/5/31,5.18,
2012/6/1,5.27,
2012/6/2,5.25,
2012/6/3,5.21,
2012/6/4,5.27,
2012/6/5,5.44,
2012/6/6,5.46,
2012/6/7,5.59,
2012/6/8,5.63,
2012/6/9,5.56,
2012/6/10,5.47,
2012/6/11,5.57,
2012/6/12,5.7,
2012/6/13,5.93,
2012/6/14,5.95,
2012/6/15,6.5,
2012/6/16,6.4,
2012/6/17,6.16,
2012/6/18,6.31,
2012/6/19,6.5,
2012/6/20,6.67,
2012/6/21,6.68,
2012/6/22,6.55,
2012/6/23,6.43,
2012/6/24,6.35,
2012/6/25,6.3,
2012/6/26,6.42,
2012/6/27,6.65,
2012/6/28,6.61,
2012/6/29,6.65,
2012/6/30,6.69,
2012/7/1,6.63,
2012/7/2,6.76,
2012/7/3,6.45,
2012/7/4,6.51,
2012/7/5,6.67,
2012/7/6,6.65,
2012/7/7,6.76,
2012/7/8,6.8,
2012/7/9,7.02,
2012/7/10,7.2,
2012/7/11,7.15,
2012/7/12,7.76,
2012/7/13,7.67,
2012/7/14,7.54,
2012/7/15,7.62,
2012/7/16,8.5,
2012/7/17,8.8,
2012/7/18,9.11,
2012/7/19,8.87,
2012/7/20,8.52,
2012/7/21,8.85,
2012/7/22,8.41,
2012/7/23,8.45,
2012/7/24,8.6,
2012/7/25,8.8,
2012/7/26,8.9,
2012/7/27,8.9,
2012/7/28,8.89,
2012/7/29,8.71,
2012/7/30,9.1,
2012/7/31,9.35,
2012/8/1,9.55,
2012/8/2,10.53,
2012/8/3,10.97,
2012/8/4,10.98,
2012/8/5,10.87,
2012/8/6,10.86,
2012/8/7,11.1,
2012/8/8,11.06,
2012/8/9,11.06,
2012/8/10,11.39,
2012/8/11,11.51,
2012/8/12,11.62,
2012/8/13,12.04,
2012/8/14,12.19,
2012/8/15,13.25,
2012/8/16,13.5,
2012/8/17,11.58,
2012/8/18,11.61,
2012/8/19,8,
2012/8/20,10.1,
2012/8/21,9.92,
2012/8/22,9.81,
2012/8/23,10.1,
2012/8/24,10.6,
2012/8/25,10.52,
2012/8/26,10.61,
2012/8/27,10.95,
2012/8/28,10.94,
2012/8/29,10.92,
2012/8/30,10.78,
2012/8/31,10.16,
2012/9/1,9.97,
2012/9/2,10.2,
2012/9/3,10.53,
2012/9/4,10.38,
2012/9/5,11,
2012/9/6,11.18,
2012/9/7,11,
2012/9/8,11.04,
2012/9/9,11.02,
2012/9/10,11.17,
2012/9/11,11.33,
2012/9/12,11.36,
2012/9/13,11.4,
2012/9/14,11.67,
2012/9/15,11.75,
2012/9/16,11.87,
2012/9/17,11.89,
2012/9/18,12.25,
2012/9/19,12.57,
2012/9/20,12.28,
2012/9/21,12.37,
2012/9/22,12.24,
2012/9/23,12.19,
2012/9/24,12.1,
2012/9/25,12.2,
2012/9/26,12.27,
2012/9/27,12.31,比特币基金会创立
2012/9/28,12.39,
2012/9/29,12.36,
2012/9/30,12.4,
2012/10/1,12.4,
2012/10/2,12.84,
2012/10/3,12.89,
2012/10/4,12.85,
2012/10/5,12.69,
2012/10/6,12.51,
2012/10/7,11.8,
2012/10/8,11.78,
2012/10/9,11.9,
2012/10/10,12.12,
2012/10/11,12.03,
2012/10/12,12,
2012/10/13,11.86,
2012/10/14,11.74,
2012/10/15,11.84,
2012/10/16,11.85,
2012/10/17,11.81,
2012/10/18,11.94,
2012/10/19,11.74,
2012/10/20,11.74,
2012/10/21,11.63,
2012/10/22,11.71,
2012/10/23,11.65,
2012/10/24,11.65,
2012/10/25,10.86,
2012/10/26,10.17,
2012/10/27,10.26,
2012/10/28,10.7,
2012/10/29,10.6,
2012/10/30,10.89,
2012/10/31,11.2,
2012/11/1,10.57,
2012/11/2,10.47,
2012/11/3,10.64,
2012/11/4,10.8,
2012/11/5,10.75,
2012/11/6,10.9,
2012/11/7,10.92,
2012/11/8,10.93,
2012/11/9,10.82,
2012/11/10,10.89,
2012/11/11,10.87,
2012/11/12,11.01,
2012/11/13,10.95,
2012/11/14,10.95,
2012/11/15,11.2,
2012/11/16,11.75,
2012/11/17,11.79,
2012/11/18,11.65,
2012/11/19,11.8,
2012/11/20,11.73,
2012/11/21,11.77,
2012/11/22,12.42,
2012/11/23,12.35,
2012/11/24,12.41,
2012/11/25,12.48,
2012/11/26,12.25,
2012/11/27,12.2,
2012/11/28,12.35,区块供应量首次减半调整，从此前每10分钟50个减至25个。同时比特币发行量占到发行总量2100万的一半
2012/11/29,12.45,
2012/11/30,12.57,
2012/12/1,12.56,
2012/12/2,12.5,
2012/12/3,12.68,
2012/12/4,13.41,
2012/12/5,13.38,
2012/12/6,13.3,
2012/12/7,13.5,
2012/12/8,13.42,
2012/12/9,13.39,
2012/12/10,13.43,
2012/12/11,13.56,
2012/12/12,13.7,
2012/12/13,13.7,
2012/12/14,13.6,
2012/12/15,13.49,
2012/12/16,13.3,
2012/12/17,13.25,
2012/12/18,13.3,
2012/12/19,13.6,
2012/12/20,13.52,
2012/12/21,13.5,
2012/12/22,13.37,
2012/12/23,13.31,
2012/12/24,13.38,
2012/12/25,13.35,
2012/12/26,13.47,
2012/12/27,13.42,
2012/12/28,13.42,
2012/12/29,13.4,
2012/12/30,13.45,
2012/12/31,13.51,
2013/1/1,13.3,阿瓦隆第一批特定应用集成电路ASIC矿机出货，全网算力飙涨，GPU、FPGA挖矿成为历史
2013/1/2,13.28,
2013/1/3,13.4,
2013/1/4,13.5,
2013/1/5,13.44,
2013/1/6,13.45,
2013/1/7,13.59,
2013/1/8,13.74,
2013/1/9,13.77,
2013/1/10,14.14,
2013/1/11,14.14,
2013/1/12,14.24,
2013/1/13,14.12,
2013/1/14,14.3,
2013/1/15,14.25,
2013/1/16,14.73,
2013/1/17,15.5,
2013/1/18,15.7,
2013/1/19,15.62,
2013/1/20,15.7,
2013/1/21,16.8,
2013/1/22,17.26,
2013/1/23,17.5,
2013/1/24,16.9,
2013/1/25,17.4,
2013/1/26,17.88,
2013/1/27,17.82,
2013/1/28,18.72,
2013/1/29,19.53,
2013/1/30,19.7,
2013/1/31,20.41,
2013/2/1,20.5,
2013/2/2,19.63,
2013/2/3,20.59,
2013/2/4,20.43,
2013/2/5,20.6,
2013/2/6,21.18,
2013/2/7,22.15,
2013/2/8,22.66,
2013/2/9,23.65,
2013/2/10,23.97,
2013/2/11,24.65,
2013/2/12,25.17,
2013/2/13,24.2,
2013/2/14,27.22,
2013/2/15,27.1,
2013/2/16,27.22,
2013/2/17,26.81,
2013/2/18,26.95,
2013/2/19,29.42,
2013/2/20,29.65,
2013/2/21,29.75,
2013/2/22,30.25,
2013/2/23,29.8,
2013/2/24,29.89,
2013/2/25,30.4,
2013/2/26,31.1,
2013/2/27,30.9,
2013/2/28,33.38,
2013/3/1,34.5,
2013/3/2,34.25,
2013/3/3,34.5,
2013/3/4,36.15,
2013/3/5,40.33,
2013/3/6,41.02,
2013/3/7,42,
2013/3/8,44.18,
2013/3/9,46.85,
2013/3/10,46,
2013/3/11,48.4,
2013/3/12,44.29,
2013/3/13,46.92,
2013/3/14,47.17,
2013/3/15,46.95,
2013/3/16,47,
2013/3/17,47.4,
2013/3/18,51.6,美国财政部金融犯罪执法系统FinCEN发布了虚拟货币个人监管管理《条例》，首次阐明了虚拟货币参与各方权利
2013/3/19,59.14,
2013/3/20,64.49,
2013/3/21,70.85,
2013/3/22,69.87,
2013/3/23,64.35,
2013/3/24,71.5,
2013/3/25,73.6,
2013/3/26,78.5,
2013/3/27,88.92,
2013/3/28,86.18,
2013/3/29,90.5,
2013/3/30,92.19,
2013/3/31,93.03,
2013/4/1,104,
2013/4/2,117.98,
2013/4/3,135,
2013/4/4,132.12,
2013/4/5,142.32,
2013/4/6,142.63,
2013/4/7,162.3,
2013/4/8,187.5,
2013/4/9,230,
2013/4/10,165,BTC价格创下266美元的历史最高价
2013/4/11,124.9,
2013/4/12,117,
2013/4/13,93,
2013/4/14,90,
2013/4/15,82.39,
2013/4/16,68.36,
2013/4/17,93.07,
2013/4/18,109.01,
2013/4/19,118.48,
2013/4/20,126.62,四川芦山地震当天，李笑来在bitcoin官网发起对灾区的比特币捐赠，中国NGO壹基金此后宣称共计收到捐赠比特币233个，市值22万人民币
2013/4/21,119.2,
2013/4/22,127.4,
2013/4/23,143.48,
2013/4/24,154.2,
2013/4/25,141.71,
2013/4/26,136.9,
2013/4/27,128,
2013/4/28,134.44,
2013/4/29,144,
2013/4/30,139.23,
2013/5/1,116.38,
2013/5/2,106.25,
2013/5/3,98.1,中国央视《经济半小时》比较客观地向中国观众第一次介绍了比特币这个“新生事物”
2013/5/4,112.9,
2013/5/5,115.98,
2013/5/6,112.25,
2013/5/7,109.6,
2013/5/8,113.2,
2013/5/9,112.8,
2013/5/10,117.7,
2013/5/11,115.64,
2013/5/12,114.82,
2013/5/13,117.98,
2013/5/14,111.4,
2013/5/15,114.22,
2013/5/16,118.21,
2013/5/17,123.5,
2013/5/18,123.21,
2013/5/19,122.5,
2013/5/20,122.02,
2013/5/21,122.89,
2013/5/22,123.8,
2013/5/23,126.3,
2013/5/24,133.1,
2013/5/25,131.99,
2013/5/26,133.5,
2013/5/27,129.77,
2013/5/28,129,
2013/5/29,132.25,
2013/5/30,128.8,
2013/5/31,128.82,
2013/6/1,129.3,
2013/6/2,122.5,
2013/6/3,120.74,
2013/6/4,121.4,
2013/6/5,121.9,
2013/6/6,118.97,
2013/6/7,111,
2013/6/8,107.89,
2013/6/9,100.44,
2013/6/10,106.35,
2013/6/11,109,
2013/6/12,108.78,
2013/6/13,103.95,
2013/6/14,100,
2013/6/15,99.8,
2013/6/16,99.9,
2013/6/17,101.95,
2013/6/18,107.35,
2013/6/19,108.25,
2013/6/20,111.29,
2013/6/21,109.5,
2013/6/22,108.2,
2013/6/23,107.9,
2013/6/24,102.09,
2013/6/25,103.33,
2013/6/26,104,
2013/6/27,101.74,德国议会作出决定：持有比特币一年以上将予以免税
2013/6/28,94.66,
2013/6/29,95,
2013/6/30,97.51,
2013/7/1,88.05,
2013/7/2,90.41,
2013/7/3,78.89,
2013/7/4,80.04,
2013/7/5,68.5,
2013/7/6,69.66,
2013/7/7,76.5,
2013/7/8,76,
2013/7/9,76.7,
2013/7/10,88,
2013/7/11,88.98,
2013/7/12,93.99,
2013/7/13,98.32,
2013/7/14,94.42,
2013/7/15,98.89,
2013/7/16,97.1,
2013/7/17,98.5,
2013/7/18,90.07,
2013/7/19,92,
2013/7/20,89.82,
2013/7/21,92,
2013/7/22,91.6,
2013/7/23,95.56,
2013/7/24,95.09,
2013/7/25,96.95,
2013/7/26,96.02,
2013/7/27,94.4,
2013/7/28,98.78,
2013/7/29,101.48,
2013/7/30,107.96,泰国央行禁止购买、出售比特币以及任何附带比特币的商品和服务，禁止接受或向泰国境外人士移交比特币
2013/7/31,106.21,
2013/8/1,104,
2013/8/2,104.5,
2013/8/3,104.95,
2013/8/4,105.12,
2013/8/5,106.72,
2013/8/6,106.56,
2013/8/7,105.99,
2013/8/8,103.05,
2013/8/9,102.8,
2013/8/10,103,
2013/8/11,105,
2013/8/12,106.81,
2013/8/13,109.6,
2013/8/14,112.56,
2013/8/15,109.99,
2013/8/16,108.99,
2013/8/17,112.75,
2013/8/18,113.38,
2013/8/19,118.5,德国政府将比特币归类为“货币单位”和“私人资金”，可购买实物
2013/8/20,121.2,
2013/8/21,123.3,
2013/8/22,122,
2013/8/23,118.51,
2013/8/24,119.6,
2013/8/25,122.11,
2013/8/26,120.07,
2013/8/27,131.29,
2013/8/28,128.76,
2013/8/29,129.3,
2013/8/30,138.03,
2013/8/31,141,
2013/9/1,146.01,
2013/9/2,144,
2013/9/3,144,
2013/9/4,132.51,
2013/9/5,130.2,
2013/9/6,121.9,
2013/9/7,128.99,
2013/9/8,126.32,
2013/9/9,133.1,
2013/9/10,132.62,
2013/9/11,142.1,
2013/9/12,139.35,
2013/9/13,140.66,
2013/9/14,136.71,
2013/9/15,138.3,
2013/9/16,139.42,
2013/9/17,139.15,
2013/9/18,140.41,
2013/9/19,135.05,
2013/9/20,133.81,
2013/9/21,134.38,
2013/9/22,134,
2013/9/23,133.4,
2013/9/24,134.78,
2013/9/25,135,
2013/9/26,137.1,
2013/9/27,138.93,
2013/9/28,142.5,
2013/9/29,143.88,
2013/9/30,141.9,
2013/10/1,140.3,
2013/10/2,123,黑市交易网站“丝路”被FBI查抄，创始人被逮捕，共有2.6万比特币被没收
2013/10/3,130.99,
2013/10/4,136.82,
2013/10/5,136.7,
2013/10/6,137.8,
2013/10/7,135.8,
2013/10/8,136.49,
2013/10/9,139.5,
2013/10/10,140.41,
2013/10/11,140.1,
2013/10/12,142.89,
2013/10/13,147.53,
2013/10/14,151.37,
2013/10/15,158.09,
2013/10/16,152.82,
2013/10/17,157.59,
2013/10/18,168.28,
2013/10/19,183.15,
2013/10/20,186.1,
2013/10/21,192.78,
2013/10/22,202.99,
2013/10/23,227.97,
2013/10/24,206.98,
2013/10/25,197.88,
2013/10/26,188.56,
2013/10/27,206.91,
2013/10/28,206.9,
2013/10/29,216,加拿大启用世界首台比特币ATM，该设备由美国Robocoin公司制造
2013/10/30,208,
2013/10/31,211.17,
2013/11/1,213.43,
2013/11/2,211.69,
2013/11/3,224,
2013/11/4,238.16,
2013/11/5,251.3,
2013/11/6,264.1,
2013/11/7,309.65,
2013/11/8,355,
2013/11/9,367.79,
2013/11/10,336.32,
2013/11/11,362.98,
2013/11/12,380.04,
2013/11/13,434.85,
2013/11/14,433.4,
2013/11/15,433.92,
2013/11/16,461.96,
2013/11/17,528.3,
2013/11/18,785.43,
2013/11/19,645.69,
2013/11/20,637.97,
2013/11/21,764.91,
2013/11/22,802,
2013/11/23,832.5,
2013/11/24,795.01,
2013/11/25,829.99,
2013/11/26,969.96,
2013/11/27,1079.89,
2013/11/28,1101.38,
2013/11/29,1206.93,比特币月涨520%，最高价首次超越1盎司黄金价格
2013/11/30,1205.66,
2013/12/1,1004.39,
2013/12/2,1096.56,
2013/12/3,1154.86,
2013/12/4,1237.55,
2013/12/5,1106.35,
2013/12/6,845.02,
2013/12/7,697.02,
2013/12/8,803.96,
2013/12/9,918.95,
2013/12/10,1033.72,
2013/12/11,919.93,
2013/12/12,899.98,
2013/12/13,936.77,
2013/12/14,908.94,
2013/12/15,919.88,
2013/12/16,759.92,
2013/12/17,714.97,中国央行约谈部分第三方支付机构，要求关闭对交易平台的充值通道
2013/12/18,540.98,
2013/12/19,731.95,
2013/12/20,649.96,
2013/12/21,640.48,
2013/12/22,639.49,
2013/12/23,713.24,
2013/12/24,702.75,
2013/12/25,707.25,
2013/12/26,801.98,
2013/12/27,803.05,
2013/12/28,761.99,
2013/12/29,784.96,
2013/12/30,804.83,
2013/12/31,805.94,
2014/1/1,815.94,
2014/1/2,856.91,
2014/1/3,884.26,
2014/1/4,924.69,
2014/1/5,1014.74,
2014/1/6,1012.65,
2014/1/7,879.9,Blockchain.info钱包的用户数量已经突破100万
2014/1/8,938.84,
2014/1/9,936.95,
2014/1/10,957.76,
2014/1/11,1005.32,
2014/1/12,939.79,
2014/1/13,922.91,
2014/1/14,919.28,
2014/1/15,941.22,
2014/1/16,913.49,
2014/1/17,894.16,
2014/1/18,905.72,
2014/1/19,954.8,
2014/1/20,955.95,
2014/1/21,962.21,
2014/1/22,950.95,
2014/1/23,944.16,
2014/1/24,916.55,
2014/1/25,961.05,
2014/1/26,1007,
2014/1/27,943.54,
2014/1/28,932.68,
2014/1/29,925.67,
2014/1/30,941.39,
2014/1/31,938.85,
2014/2/1,940.42,
2014/2/2,953.31,
2014/2/3,931.71,
2014/2/4,926.64,
2014/2/5,904.52,
2014/2/6,828.87,
2014/2/7,695.65,
2014/2/8,648.78,
2014/2/9,659.57,
2014/2/10,582.63,
2014/2/11,578.96,
2014/2/12,531.13,
2014/2/13,451.44,
2014/2/14,427.68,
2014/2/15,371.07,
2014/2/16,299.8,
2014/2/17,272.28,
2014/2/18,293.95,
2014/2/19,261.53,
2014/2/20,111.92,
2014/2/21,111.56,
2014/2/22,255.59,
2014/2/23,310.17,
2014/2/24,174,
2014/2/25,135.78,全球最大交易平台Mt.Gox确认倒闭，85万枚比特币被盗一空
2014/2/26,593.14,
2014/2/27,596.49,
2014/2/28,573.94,
2014/3/1,557.39,
2014/3/2,544.56,
2014/3/3,662.18,
2014/3/4,661.85,
2014/3/5,658.3,
2014/3/6,648.26,
2014/3/7,616.73,
2014/3/8,609.21,
2014/3/9,627.05,
2014/3/10,612.97,
2014/3/11,608.69,
2014/3/12,619.43,
2014/3/13,625.04,
2014/3/14,614.03,
2014/3/15,624.03,
2014/3/16,619.14,
2014/3/17,606.38,
2014/3/18,598.93,
2014/3/19,594.96,
2014/3/20,565.99,
2014/3/21,549.6,
2014/3/22,564.34,
2014/3/23,551.16,
2014/3/24,567.56,
2014/3/25,562.89,
2014/3/26,562.45,
2014/3/27,460.45,
2014/3/28,482.61,
2014/3/29,477.11,
2014/3/30,446.92,
2014/3/31,444.66,
2014/4/1,463.45,
2014/4/2,424.37,
2014/4/3,436.31,
2014/4/4,444.36,
2014/4/5,456.63,中国某财经记者发文宣称，政府将在4月15日之前彻底停止所有比特币交易
2014/4/6,455.69,
2014/4/7,462.38,
2014/4/8,466.56,
2014/4/9,457.34,
2014/4/10,384.63,
2014/4/11,435.14,
2014/4/12,437.65,
2014/4/13,427.6,
2014/4/14,478.38,
2014/4/15,526.43,
2014/4/16,536.95,
2014/4/17,502,
2014/4/18,485.52,
2014/4/19,506.02,
2014/4/20,498.51,
2014/4/21,495.16,
2014/4/22,487.91,
2014/4/23,487.3,
2014/4/24,500.29,
2014/4/25,464.49,
2014/4/26,457.87,
2014/4/27,443.18,
2014/4/28,441.92,
2014/4/29,446.12,
2014/4/30,445.63,
2014/5/1,460.13,
2014/5/2,453.67,
2014/5/3,438.65,
2014/5/4,436.05,
2014/5/5,430.87,
2014/5/6,432.19,
2014/5/7,446.55,
2014/5/8,441.11,
2014/5/9,445.45,
2014/5/10,451.9,
2014/5/11,433.23,
2014/5/12,438.21,
2014/5/13,433.92,
2014/5/14,442.63,
2014/5/15,448.1,
2014/5/16,453.63,
2014/5/17,452.79,
2014/5/18,450.14,
2014/5/19,443.9,
2014/5/20,484.57,
2014/5/21,488.84,
2014/5/22,515.36,
2014/5/23,518.09,
2014/5/24,520.46,
2014/5/25,570.44,
2014/5/26,582.01,
2014/5/27,570.1,
2014/5/28,570.84,
2014/5/29,564.42,
2014/5/30,612.35,
2014/5/31,627.91,
2014/6/1,649.79,
2014/6/2,655.49,
2014/6/3,669.43,
2014/6/4,638.93,
2014/6/5,660.18,
2014/6/6,650.41,
2014/6/7,651.67,
2014/6/8,651.05,
2014/6/9,644.35,
2014/6/10,655.62,
2014/6/11,642.95,
2014/6/12,597.13,
2014/6/13,610.35,
2014/6/14,583.42,
2014/6/15,582.29,
2014/6/16,599.08,
2014/6/17,605.09,
2014/6/18,606.21,
2014/6/19,600.17,
2014/6/20,590.75,
2014/6/21,597.04,
2014/6/22,603.62,
2014/6/23,591.17,
2014/6/24,588.77,
2014/6/25,568.45,
2014/6/26,582.7,
2014/6/27,602.23,
2014/6/28,597.56,
2014/6/29,601.06,
2014/6/30,635.14,
2014/7/1,643.19,
2014/7/2,645.72,
2014/7/3,638.03,
2014/7/4,623.96,
2014/7/5,622.96,
2014/7/6,626.65,
2014/7/7,613.6,
2014/7/8,615.32,
2014/7/9,623,
2014/7/10,618.39,
2014/7/11,632.9,
2014/7/12,635.9,
2014/7/13,628.03,
2014/7/14,618.32,
2014/7/15,619.6,
2014/7/16,614.8,
2014/7/17,626.58,
2014/7/18,627.47,
2014/7/19,627.04,
2014/7/20,620.98,
2014/7/21,625.13,
2014/7/22,622.53,
2014/7/23,621.69,
2014/7/24,601.87,以太坊开放为期42天的预售
2014/7/25,600.5,
2014/7/26,596,
2014/7/27,595.03,
2014/7/28,587.93,
2014/7/29,585.77,
2014/7/30,564.64,
2014/7/31,589.52,
2014/8/1,598.78,
2014/8/2,591.72,
2014/8/3,588.94,
2014/8/4,592.77,
2014/8/5,588.76,
2014/8/6,589.77,
2014/8/7,592.8,
2014/8/8,595.85,
2014/8/9,589.52,
2014/8/10,592.06,
2014/8/11,575.89,
2014/8/12,567.66,
2014/8/13,542.1,
2014/8/14,504.8,
2014/8/15,496.45,
2014/8/16,522.01,
2014/8/17,485.5,
2014/8/18,462.18,
2014/8/19,485.12,
2014/8/20,516.78,
2014/8/21,517.94,
2014/8/22,516.1,
2014/8/23,497.68,
2014/8/24,509.71,
2014/8/25,502.93,
2014/8/26,512.56,
2014/8/27,515.23,
2014/8/28,510.75,
2014/8/29,512.56,
2014/8/30,505.96,
2014/8/31,481.78,
2014/9/1,477.19,
2014/9/2,478.94,
2014/9/3,480.04,
2014/9/4,490.99,
2014/9/5,483.65,
2014/9/6,484.47,
2014/9/7,485.75,
2014/9/8,475.69,
2014/9/9,474.9,
2014/9/10,479.7,
2014/9/11,478.49,
2014/9/12,477.73,
2014/9/13,478.17,
2014/9/14,477.74,
2014/9/15,477.71,
2014/9/16,466.75,
2014/9/17,461.09,
2014/9/18,424.26,
2014/9/19,397.67,BitVC正式上线，杠杠业务重新开启。随后国内各家纷纷开启杠杆业务，联合声明变成一纸空文
2014/9/20,411.53,
2014/9/21,401.62,
2014/9/22,404.09,
2014/9/23,436.86,
2014/9/24,423.77,
2014/9/25,412.29,
2014/9/26,404.46,
2014/9/27,399.02,
2014/9/28,379.08,
2014/9/29,376.77,
2014/9/30,388.17,
2014/10/1,382.84,
2014/10/2,375.14,
2014/10/3,363.45,
2014/10/4,335.32,
2014/10/5,322.86,
2014/10/6,331.55,
2014/10/7,331.65,
2014/10/8,350.87,
2014/10/9,360.91,
2014/10/10,361.71,
2014/10/11,361.22,
2014/10/12,373.17,
2014/10/13,387.32,
2014/10/14,397.1,
2014/10/15,393.17,
2014/10/16,379.77,
2014/10/17,380.48,
2014/10/18,390.88,
2014/10/19,387.28,
2014/10/20,380.39,
2014/10/21,382.35,
2014/10/22,378.93,
2014/10/23,355.78,
2014/10/24,355.1,
2014/10/25,346.72,
2014/10/26,348.67,
2014/10/27,350.09,
2014/10/28,351.06,
2014/10/29,335.12,
2014/10/30,344.86,
2014/10/31,337.87,
2014/11/1,325.43,
2014/11/2,322.55,
2014/11/3,324.24,
2014/11/4,327.96,
2014/11/5,338.01,
2014/11/6,347.67,
2014/11/7,341.87,
2014/11/8,343.54,
2014/11/9,362.04,
2014/11/10,367.15,
2014/11/11,365.42,
2014/11/12,432.03,
2014/11/13,428.72,
2014/11/14,396.53,
2014/11/15,374.86,
2014/11/16,385.61,
2014/11/17,384.69,
2014/11/18,379.16,
2014/11/19,381.43,
2014/11/20,357.3,
2014/11/21,351.77,
2014/11/22,352.01,
2014/11/23,365.85,
2014/11/24,378.85,
2014/11/25,376.43,
2014/11/26,365.35,
2014/11/27,368.83,
2014/11/28,377.59,
2014/11/29,376.28,
2014/11/30,374.93,
2014/12/1,378.61,
2014/12/2,380.64,
2014/12/3,376.96,
2014/12/4,369.84,
2014/12/5,377.63,
2014/12/6,376.26,
2014/12/7,376.47,
2014/12/8,364.95,
2014/12/9,352.19,
2014/12/10,347.94,
2014/12/11,347.68,
2014/12/12,353.4,微软接受比特币的支付
2014/12/13,348.24,
2014/12/14,349.35,
2014/12/15,345.37,
2014/12/16,330.22,
2014/12/17,320.02,
2014/12/18,310.34,
2014/12/19,317.78,
2014/12/20,330.35,
2014/12/21,322.63,
2014/12/22,330.84,
2014/12/23,335.25,
2014/12/24,322.4,
2014/12/25,318.99,
2014/12/26,329.98,
2014/12/27,315.34,
2014/12/28,316.53,
2014/12/29,314.12,
2014/12/30,311.27,
2014/12/31,318.24,
2015/1/1,314.89,
2015/1/2,315.21,
2015/1/3,287.13,
2015/1/4,264.72,
2015/1/5,274.84,
2015/1/6,282.27,
2015/1/7,291.34,
2015/1/8,282.69,
2015/1/9,287.97,
2015/1/10,273.35,
2015/1/11,264.77,
2015/1/12,269.33,
2015/1/13,221.29,
2015/1/14,164.92,
2015/1/15,209.78,
2015/1/16,206.92,
2015/1/17,199.65,
2015/1/18,210.62,
2015/1/19,215.87,
2015/1/20,210.55,
2015/1/21,228.17,
2015/1/22,232.7,
2015/1/23,232.17,
2015/1/24,248.16,
2015/1/25,252.09,
2015/1/26,269.18,Coinbase交易所开启，美国第一家合规化的比特币交易所上线
2015/1/27,263.27,
2015/1/28,236.17,
2015/1/29,233.99,
2015/1/30,231.84,
2015/1/31,218.51,
2015/2/1,225.29,
2015/2/2,238.86,
2015/2/3,227.41,
2015/2/4,226.58,
2015/2/5,216.52,
2015/2/6,222.96,
2015/2/7,227.68,
2015/2/8,223.67,
2015/2/9,220.34,
2015/2/10,219.67,
2015/2/11,218.83,
2015/2/12,221.79,
2015/2/13,236.17,
2015/2/14,258.64,
2015/2/15,233.27,
2015/2/16,235.83,
2015/2/17,243.2,
2015/2/18,235.2,
2015/2/19,241.92,
2015/2/20,244.52,
2015/2/21,244.41,
2015/2/22,235.73,
2015/2/23,238.82,
2015/2/24,238.89,
2015/2/25,237.33,
2015/2/26,236.53,
2015/2/27,253.47,
2015/2/28,254.06,
2015/3/1,257.94,
2015/3/2,273.75,
2015/3/3,280.65,
2015/3/4,271.92,
2015/3/5,275.23,
2015/3/6,272.56,
2015/3/7,274.91,
2015/3/8,274.49,
2015/3/9,290.02,
2015/3/10,291.37,
2015/3/11,295.6,
2015/3/12,293.85,
2015/3/13,287.21,
2015/3/14,281.6,
2015/3/15,284.88,
2015/3/16,290.41,
2015/3/17,285.38,
2015/3/18,255.92,
2015/3/19,260.93,
2015/3/20,261.78,
2015/3/21,259.71,
2015/3/22,268.57,
2015/3/23,265.46,
2015/3/24,246.72,
2015/3/25,246.37,
2015/3/26,248.02,
2015/3/27,247.21,
2015/3/28,252.02,
2015/3/29,242.08,
2015/3/30,246.79,
2015/3/31,244.15,
2015/4/1,246.24,
2015/4/2,252.6,
2015/4/3,254.48,
2015/4/4,252.89,
2015/4/5,259.64,
2015/4/6,254.97,
2015/4/7,252.97,
2015/4/8,244.57,
2015/4/9,243.32,
2015/4/10,234.73,
2015/4/11,236.48,
2015/4/12,235.85,
2015/4/13,223.59,
2015/4/14,217.99,
2015/4/15,222.97,
2015/4/16,227.98,
2015/4/17,222.59,
2015/4/18,223.35,
2015/4/19,223.02,
2015/4/20,224.24,
2015/4/21,233.73,
2015/4/22,233.78,
2015/4/23,235.4,
2015/4/24,231.09,
2015/4/25,226.14,
2015/4/26,218.7,
2015/4/27,228.96,
2015/4/28,225.81,
2015/4/29,225.42,
2015/4/30,235.77,
2015/5/1,233.21,
2015/5/2,235.34,
2015/5/3,239.99,
2015/5/4,238.97,
2015/5/5,235.82,
2015/5/6,230.03,
2015/5/7,237.73,
2015/5/8,243.74,
2015/5/9,241.4,
2015/5/10,239.96,
2015/5/11,241.81,
2015/5/12,241.58,
2015/5/13,236.38,
2015/5/14,236.9,
2015/5/15,237.2,
2015/5/16,236.23,
2015/5/17,236.3,
2015/5/18,232.64,
2015/5/19,232.02,
2015/5/20,233.96,
2015/5/21,235.38,
2015/5/22,240.37,
2015/5/23,238.94,
2015/5/24,240.98,
2015/5/25,237.41,
2015/5/26,237.84,
2015/5/27,237.29,
2015/5/28,237.32,
2015/5/29,237.03,
2015/5/30,233.22,
2015/5/31,229.84,
2015/6/1,223.14,
2015/6/2,225.74,
2015/6/3,225.59,
2015/6/4,224.22,
2015/6/5,225.29,
2015/6/6,224.74,
2015/6/7,223.47,
2015/6/8,228.57,
2015/6/9,229.56,
2015/6/10,228.79,
2015/6/11,229.88,
2015/6/12,230.46,
2015/6/13,232.48,
2015/6/14,233.75,
2015/6/15,237,
2015/6/16,249.82,
2015/6/17,247.38,
2015/6/18,248.44,
2015/6/19,244.13,
2015/6/20,244.98,
2015/6/21,244.1,
2015/6/22,247.46,
2015/6/23,243.76,
2015/6/24,240.56,
2015/6/25,242.56,
2015/6/26,242.95,
2015/6/27,250.73,
2015/6/28,248.88,
2015/6/29,256.97,
2015/6/30,264.12,
2015/7/1,257.62,以太坊区块链正式上线运行
2015/7/2,254.88,
2015/7/3,255.4,
2015/7/4,260.55,
2015/7/5,270.14,
2015/7/6,269.08,
2015/7/7,266.21,
2015/7/8,268.64,
2015/7/9,269.14,
2015/7/10,283.62,
2015/7/11,291.97,
2015/7/12,310.44,
2015/7/13,290.35,
2015/7/14,286.96,
2015/7/15,283.42,
2015/7/16,276.59,
2015/7/17,279.62,
2015/7/18,274.05,
2015/7/19,273.18,
2015/7/20,277.68,
2015/7/21,275.09,
2015/7/22,276.46,
2015/7/23,275.52,
2015/7/24,288.37,
2015/7/25,288.74,
2015/7/26,291.77,
2015/7/27,293.01,
2015/7/28,293.7,
2015/7/29,288.37,
2015/7/30,287.02,
2015/7/31,283.73,
2015/8/1,280.47,
2015/8/2,281.36,
2015/8/3,281.58,
2015/8/4,284.3,
2015/8/5,281.72,
2015/8/6,278,
2015/8/7,277.89,
2015/8/8,258.6,
2015/8/9,263.87,
2015/8/10,263.3,
2015/8/11,269.03,
2015/8/12,267.66,
2015/8/13,263.44,
2015/8/14,265.03,
2015/8/15,260.52,
2015/8/16,257.12,
2015/8/17,257.13,
2015/8/18,246.72,
2015/8/19,226,
2015/8/20,234.66,
2015/8/21,232.4,
2015/8/22,229.54,
2015/8/23,226.75,
2015/8/24,211.43,
2015/8/25,220.51,
2015/8/26,224.97,
2015/8/27,222.73,
2015/8/28,231.64,
2015/8/29,228.5,
2015/8/30,228.4,
2015/8/31,229.47,
2015/9/1,227.18,
2015/9/2,228.63,
2015/9/3,226.2,
2015/9/4,230.25,
2015/9/5,233.67,
2015/9/6,239.86,
2015/9/7,239.58,
2015/9/8,243.24,
2015/9/9,237.41,
2015/9/10,238.08,
2015/9/11,239.9,
2015/9/12,235.6,
2015/9/13,230.19,
2015/9/14,229.91,
2015/9/15,229.53,
2015/9/16,228.6,
2015/9/17,232.72,
2015/9/18,232.21,
2015/9/19,231.11,
2015/9/20,231.09,
2015/9/21,226.33,
2015/9/22,230.01,
2015/9/23,229.89,
2015/9/24,233.76,
2015/9/25,235.03,
2015/9/26,234.3,
2015/9/27,232.5,
2015/9/28,238.87,
2015/9/29,236.71,
2015/9/30,235.93,
2015/10/1,237.05,
2015/10/2,236.71,
2015/10/3,238.58,
2015/10/4,238.33,
2015/10/5,240.15,
2015/10/6,246.14,
2015/10/7,242.98,
2015/10/8,242.58,
2015/10/9,244.04,
2015/10/10,245.35,
2015/10/11,247.65,
2015/10/12,245.35,
2015/10/13,248.78,
2015/10/14,252.33,
2015/10/15,254.44,
2015/10/16,262.87,
2015/10/17,269.58,
2015/10/18,261.67,
2015/10/19,263.82,
2015/10/20,269.75,
2015/10/21,267.11,
2015/10/22,274.42,
2015/10/23,276.92,
2015/10/24,282.56,
2015/10/25,287.86,
2015/10/26,285.15,
2015/10/27,294.66,
2015/10/28,303.54,
2015/10/29,313.63,
2015/10/30,327.12,
2015/10/31,311.24,
2015/11/1,322.95,
2015/11/2,359.28,
2015/11/3,396.49,
2015/11/4,400.89,
2015/11/5,382.7,
2015/11/6,369.81,
2015/11/7,385.09,
2015/11/8,371.56,
2015/11/9,380.22,
2015/11/10,336.69,
2015/11/11,304.71,
2015/11/12,333.85,
2015/11/13,333.77,
2015/11/14,331.77,
2015/11/15,317.45,
2015/11/16,330.21,
2015/11/17,333.91,
2015/11/18,335.92,
2015/11/19,324.98,
2015/11/20,321.12,
2015/11/21,324.7,
2015/11/22,322.78,
2015/11/23,322.12,
2015/11/24,318.35,
2015/11/25,327.52,
2015/11/26,353.74,
2015/11/27,359.52,
2015/11/28,355.83,
2015/11/29,370.84,
2015/11/30,377.97,
2015/12/1,361.8,
2015/12/2,359.98,
2015/12/3,360.31,
2015/12/4,361.67,
2015/12/5,386.69,
2015/12/6,393.38,
2015/12/7,394.28,
2015/12/8,410.67,
2015/12/9,416,
2015/12/10,415.49,
2015/12/11,449.83,
2015/12/12,432.29,
2015/12/13,434.69,
2015/12/14,442,
2015/12/15,462.65,
2015/12/16,453.98,
2015/12/17,455.53,
2015/12/18,463.18,
2015/12/19,461.2,
2015/12/20,441.78,
2015/12/21,437.59,
2015/12/22,437.03,
2015/12/23,442.43,
2015/12/24,452.98,
2015/12/25,454.05,
2015/12/26,415.37,
2015/12/27,422.39,
2015/12/28,421.76,
2015/12/29,431.92,
2015/12/30,427.15,
2015/12/31,429.95,
2016/1/1,433.99,
2016/1/2,433.72,
2016/1/3,430.7,
2016/1/4,433.32,
2016/1/5,431.2,
2016/1/6,430.82,
2016/1/7,457.05,
2016/1/8,452.87,
2016/1/9,448.31,
2016/1/10,446.19,
2016/1/11,447.72,
2016/1/12,445.04,
2016/1/13,432.18,
2016/1/14,429.13,
2016/1/15,372.26,
2016/1/16,385.04,
2016/1/17,382.47,
2016/1/18,384.4,
2016/1/19,379.46,
2016/1/20,414.58,
2016/1/21,410.24,
2016/1/22,382.65,
2016/1/23,388.61,
2016/1/24,402.13,
2016/1/25,392.76,
2016/1/26,389.78,
2016/1/27,395.02,
2016/1/28,379.69,
2016/1/29,380.29,
2016/1/30,377.76,
2016/1/31,369.84,
2016/2/1,372.18,
2016/2/2,373.92,
2016/2/3,368.02,
2016/2/4,390.65,
2016/2/5,386.46,
2016/2/6,376.68,
2016/2/7,377.94,
2016/2/8,372.63,
2016/2/9,375.32,
2016/2/10,381.88,
2016/2/11,379.45,
2016/2/12,384.04,
2016/2/13,390.1,
2016/2/14,405.5,
2016/2/15,401.07,
2016/2/16,406.42,
2016/2/17,417.14,
2016/2/18,421.4,
2016/2/19,419.98,
2016/2/20,440.06,
2016/2/21,437.87,
2016/2/22,437.79,
2016/2/23,419.9,
2016/2/24,422.72,
2016/2/25,423.48,
2016/2/26,427.32,
2016/2/27,431.3,
2016/2/28,432.47,
2016/2/29,436.21,
2016/3/1,434.04,
2016/3/2,425.36,
2016/3/3,419.56,
2016/3/4,409.48,
2016/3/5,399,
2016/3/6,405.96,
2016/3/7,414.87,
2016/3/8,411.9,
2016/3/9,412.76,
2016/3/10,415.83,
2016/3/11,419.11,
2016/3/12,410.36,
2016/3/13,412.41,
2016/3/14,414.31,
2016/3/15,415.13,
2016/3/16,415.91,
2016/3/17,418.16,
2016/3/18,408.16,
2016/3/19,408.69,
2016/3/20,411.53,
2016/3/21,411.11,
2016/3/22,416.21,
2016/3/23,416.98,
2016/3/24,414.74,
2016/3/25,415.71,
2016/3/26,416.51,
2016/3/27,424.57,
2016/3/28,422.21,
2016/3/29,415,
2016/3/30,412.44,
2016/3/31,415.66,
2016/4/1,415.64,
2016/4/2,418.51,
2016/4/3,419.06,
2016/4/4,419.33,
2016/4/5,422.07,
2016/4/6,421.26,
2016/4/7,420.14,
2016/4/8,417.69,
2016/4/9,418.05,
2016/4/10,420.25,
2016/4/11,421.43,
2016/4/12,424.74,
2016/4/13,423.47,
2016/4/14,424.02,
2016/4/15,428.67,
2016/4/16,430.05,
2016/4/17,426.26,
2016/4/18,427.69,
2016/4/19,434.92,
2016/4/20,441.16,
2016/4/21,449.34,
2016/4/22,445.28,
2016/4/23,450.08,
2016/4/24,457.56,
2016/4/25,461.73,
2016/4/26,466,
2016/4/27,447.01,
2016/4/28,448.48,
2016/4/29,454.98,
2016/4/30,448.53,
2016/5/1,452.24,
2016/5/2,444.18,
2016/5/3,450.27,
2016/5/4,445.8,
2016/5/5,448.08,
2016/5/6,459.56,
2016/5/7,458.46,
2016/5/8,457.87,
2016/5/9,460.44,
2016/5/10,449.36,
2016/5/11,452.5,
2016/5/12,454.43,
2016/5/13,455.41,
2016/5/14,456.44,
2016/5/15,458.11,
2016/5/16,454.87,
2016/5/17,453.25,微软加入专注区块链的数字贸易商会
2016/5/18,454.22,
2016/5/19,442.66,
2016/5/20,442.11,
2016/5/21,443.64,
2016/5/22,439.62,
2016/5/23,443.69,
2016/5/24,446.11,
2016/5/25,449.78,
2016/5/26,453.3,
2016/5/27,474.05,
2016/5/28,524.22,
2016/5/29,516.05,
2016/5/30,532.26,
2016/5/31,528.92,
2016/6/1,537.4,腾讯华为加入金融区块链合作联盟
2016/6/2,537.1,
2016/6/3,567.03,
2016/6/4,571.95,
2016/6/5,574.91,
2016/6/6,583.58,
2016/6/7,575.58,
2016/6/8,580.51,
2016/6/9,574.69,
2016/6/10,577.89,
2016/6/11,591.6,
2016/6/12,666.55,
2016/6/13,700.07,
2016/6/14,685.14,
2016/6/15,690.77,
2016/6/16,761.21,
2016/6/17,743.9,以太坊DAO众筹合约因为漏洞被盗6000万美元以太币
2016/6/18,753.77,
2016/6/19,761.04,
2016/6/20,733.97,
2016/6/21,667.38,
2016/6/22,590.56,
2016/6/23,620.84,
2016/6/24,656.89,
2016/6/25,663.52,
2016/6/26,625.41,
2016/6/27,644.66,
2016/6/28,644.89,
2016/6/29,636.54,
2016/6/30,670.02,
2016/7/1,674.57,
2016/7/2,698.06,
2016/7/3,661.64,
2016/7/4,675.16,
2016/7/5,663.67,
2016/7/6,672.7,
2016/7/7,635.25,
2016/7/8,662.78,
2016/7/9,651.83,
2016/7/10,647.11,
2016/7/11,646.71,
2016/7/12,670.56,
2016/7/13,661.15,
2016/7/14,657.25,
2016/7/15,664.2,
2016/7/16,660.69,
2016/7/17,676.33,
2016/7/18,670.38,
2016/7/19,671.1,
2016/7/20,664.4,
2016/7/21,664.62,
2016/7/22,651.11,
2016/7/23,655.16,
2016/7/24,659.29,
2016/7/25,654,
2016/7/26,654.38,
2016/7/27,654.54,
2016/7/28,654.13,
2016/7/29,655.43,
2016/7/30,654.74,
2016/7/31,621.87,
2016/8/1,607,
2016/8/2,513.43,
2016/8/3,566.44,
2016/8/4,576.22,
2016/8/5,574.66,
2016/8/6,586.45,
2016/8/7,590.85,
2016/8/8,589.24,
2016/8/9,585.25,
2016/8/10,590.94,
2016/8/11,587.84,
2016/8/12,587.14,
2016/8/13,584.59,
2016/8/14,569.06,
2016/8/15,566.95,
2016/8/16,580.19,
2016/8/17,572.34,
2016/8/18,573.39,
2016/8/19,574.56,
2016/8/20,582.61,
2016/8/21,580.66,
2016/8/22,587.47,
2016/8/23,583.56,
2016/8/24,579.66,
2016/8/25,577.96,
2016/8/26,579.37,
2016/8/27,570.35,
2016/8/28,574.98,
2016/8/29,574.23,
2016/8/30,577.32,
2016/8/31,573.88,
2016/9/1,571.99,
2016/9/2,575.29,
2016/9/3,598.84,
2016/9/4,609.55,
2016/9/5,605.76,
2016/9/6,610.44,
2016/9/7,613.21,
2016/9/8,625.57,
2016/9/9,623.16,
2016/9/10,624.52,
2016/9/11,605.61,
2016/9/12,607.98,
2016/9/13,608.61,
2016/9/14,609.54,
2016/9/15,608.11,
2016/9/16,607.78,
2016/9/17,607.08,
2016/9/18,610.7,
2016/9/19,609.85,
2016/9/20,609.24,
2016/9/21,597.16,
2016/9/22,595.63,
2016/9/23,602.92,
2016/9/24,602.59,
2016/9/25,601.49,
2016/9/26,606.54,
2016/9/27,605.47,
2016/9/28,604.67,
2016/9/29,604.7,
2016/9/30,608.14,
2016/10/1,613.41,
2016/10/2,610.69,
2016/10/3,611.6,
2016/10/4,608.96,
2016/10/5,611.82,
2016/10/6,610.97,
2016/10/7,616.03,
2016/10/8,617.65,
2016/10/9,615.77,
2016/10/10,617.29,
2016/10/11,640.45,
2016/10/12,635.99,
2016/10/13,635.6,
2016/10/14,637.92,
2016/10/15,637.03,
2016/10/16,640.12,
2016/10/17,637.37,
2016/10/18,635.34,
2016/10/19,629.06,
2016/10/20,628.34,
2016/10/21,630.45,
2016/10/22,655.48,
2016/10/23,653.03,
2016/10/24,650.49,
2016/10/25,651,
2016/10/26,674.67,
2016/10/27,682.3,
2016/10/28,686.24,
2016/10/29,714.95,
2016/10/30,697.27,
2016/10/31,698.67,
2016/11/1,726.76,
2016/11/2,733.51,
2016/11/3,684.87,
2016/11/4,702.08,
2016/11/5,702.11,
2016/11/6,709.91,
2016/11/7,705.4,
2016/11/8,710.9,
2016/11/9,721.42,
2016/11/10,714.57,
2016/11/11,714.97,
2016/11/12,704.27,
2016/11/13,701.97,
2016/11/14,704.56,
2016/11/15,711.1,
2016/11/16,740.28,
2016/11/17,737.53,
2016/11/18,746.96,
2016/11/19,747.89,
2016/11/20,728.51,
2016/11/21,736.19,
2016/11/22,749.34,
2016/11/23,741.07,
2016/11/24,735.31,
2016/11/25,740.39,
2016/11/26,734.14,
2016/11/27,729.42,
2016/11/28,733.3,
2016/11/29,732.56,
2016/11/30,742.49,
2016/12/1,752.63,
2016/12/2,770.94,
2016/12/3,764.24,
2016/12/4,766.39,
2016/12/5,754.34,
2016/12/6,758.21,
2016/12/7,765.56,
2016/12/8,768.49,
2016/12/9,770.48,
2016/12/10,774,
2016/12/11,767.91,
2016/12/12,778.47,
2016/12/13,778.74,
2016/12/14,776.5,
2016/12/15,775.21,
2016/12/16,782.05,
2016/12/17,787.17,
2016/12/18,789.01,
2016/12/19,789.79,
2016/12/20,799.1,
2016/12/21,829.21,
2016/12/22,860.15,
2016/12/23,917.17,
2016/12/24,891.07,
2016/12/25,891.07,
2016/12/26,898.38,
2016/12/27,925.78,
2016/12/28,972.17,
2016/12/29,971.08,
2016/12/30,959.04,
2016/12/31,963.38,
2017/1/1,995.44,
2017/1/2,1017.05,
2017/1/3,1033.3,
2017/1/4,1135.41,
2017/1/5,989.35,
2017/1/6,886.16,
2017/1/7,888.87,
2017/1/8,900.86,
2017/1/9,899.78,
2017/1/10,904.37,
2017/1/11,785.43,
2017/1/12,810.11,
2017/1/13,824.83,
2017/1/14,819.63,
2017/1/15,821.17,
2017/1/16,827.34,
2017/1/17,899.66,
2017/1/18,872.03,
2017/1/19,895.21,
2017/1/20,892.91,
2017/1/21,919.84,
2017/1/22,918.84,
2017/1/23,921.46,
2017/1/24,893.75,
2017/1/25,894.41,
2017/1/26,915.56,
2017/1/27,918.01,
2017/1/28,918.51,
2017/1/29,914.55,
2017/1/30,920.73,
2017/1/31,965.49,
2017/2/1,982.43,
2017/2/2,1003.97,
2017/2/3,1013.02,
2017/2/4,1031.85,
2017/2/5,1016.11,
2017/2/6,1024.67,
2017/2/7,1049.56,
2017/2/8,1055.49,
2017/2/9,978.96,
2017/2/10,997.61,
2017/2/11,1008.32,
2017/2/12,996.52,
2017/2/13,995.36,
2017/2/14,1008.34,
2017/2/15,1008.19,
2017/2/16,1031.93,
2017/2/17,1049.41,
2017/2/18,1052.28,
2017/2/19,1048.89,
2017/2/20,1077.56,
2017/2/21,1119.03,
2017/2/22,1120.46,
2017/2/23,1171.91,
2017/2/24,1176.49,
2017/2/25,1149.05,
2017/2/26,1171.58,
2017/2/27,1188.83,
2017/2/28,1189.27,
2017/3/1,1222.66,
2017/3/2,1255.47,
2017/3/3,1283.3,
2017/3/4,1264.32,
2017/3/5,1271.22,
2017/3/6,1277.01,
2017/3/7,1232.69,
2017/3/8,1146.97,
2017/3/9,1191.33,
2017/3/10,1112.39,
2017/3/11,1179.22,
2017/3/12,1225.11,
2017/3/13,1238.19,
2017/3/14,1243.14,
2017/3/15,1253.43,
2017/3/16,1172.88,
2017/3/17,1071.71,
2017/3/18,971.38,
2017/3/19,1022.6,
2017/3/20,1047.51,
2017/3/21,1121.29,
2017/3/22,1044.72,
2017/3/23,1035.03,
2017/3/24,939.7,
2017/3/25,966.3,
2017/3/26,969.44,
2017/3/27,1045.14,
2017/3/28,1044.42,
2017/3/29,1041.9,
2017/3/30,1037.91,
2017/3/31,1079.11,
2017/4/1,1086.12,
2017/4/2,1097.4,
2017/4/3,1147.56,
2017/4/4,1141.77,
2017/4/5,1129.87,
2017/4/6,1188.7,
2017/4/7,1190.49,
2017/4/8,1180.78,
2017/4/9,1204.34,
2017/4/10,1206.71,
2017/4/11,1220.74,
2017/4/12,1212.53,
2017/4/13,1176.2,
2017/4/14,1177.33,
2017/4/15,1176.99,
2017/4/16,1176.8,
2017/4/17,1194.01,
2017/4/18,1206.09,
2017/4/19,1215.2,
2017/4/20,1238.09,
2017/4/21,1249.64,
2017/4/22,1240.89,
2017/4/23,1249.14,
2017/4/24,1248.18,
2017/4/25,1264.31,
2017/4/26,1286.63,
2017/4/27,1332.91,
2017/4/28,1329.62,
2017/4/29,1336.28,
2017/4/30,1351.91,
2017/5/1,1415.81,
2017/5/2,1445.93,
2017/5/3,1485.55,
2017/5/4,1516.76,
2017/5/5,1507.77,
2017/5/6,1545.29,
2017/5/7,1554.45,
2017/5/8,1664.47,
2017/5/9,1697.5,
2017/5/10,1752.31,
2017/5/11,1819.29,
2017/5/12,1686.39,
2017/5/13,1763.74,
2017/5/14,1772.55,
2017/5/15,1708.92,
2017/5/16,1729.34,
2017/5/17,1801.3,
2017/5/18,1880.99,
2017/5/19,1962,
2017/5/20,2040.18,
2017/5/21,2044.19,
2017/5/22,2124.41,
2017/5/23,2272.58,
2017/5/24,2445.28,
2017/5/25,2307.22,
2017/5/26,2244.89,
2017/5/27,2052.43,
2017/5/28,2189.02,
2017/5/29,2278.21,
2017/5/30,2192.55,
2017/5/31,2303.34,
2017/6/1,2412.65,
2017/6/2,2492.6,
2017/6/3,2545.43,
2017/6/4,2524.06,
2017/6/5,2704.96,
2017/6/6,2870.5,
2017/6/7,2691.51,
2017/6/8,2798.78,
2017/6/9,2811.43,
2017/6/10,2900.25,
2017/6/11,2973.45,
2017/6/12,2656.77,
2017/6/13,2712.99,
2017/6/14,2467.27,
2017/6/15,2442.46,
2017/6/16,2508.58,
2017/6/17,2655.1,
2017/6/18,2539.56,
2017/6/19,2616.82,
2017/6/20,2754.38,
2017/6/21,2677.62,
2017/6/22,2722.84,
2017/6/23,2710.37,
2017/6/24,2590.05,
2017/6/25,2541.62,
2017/6/26,2446.05,
2017/6/27,2583.75,
2017/6/28,2577.74,
2017/6/29,2558.37,
2017/6/30,2480.61,
2017/7/1,2424.61,
2017/7/2,2536.46,
2017/7/3,2572.47,
2017/7/4,2617.32,
2017/7/5,2627.86,
2017/7/6,2614.24,
2017/7/7,2513.88,
2017/7/8,2564.86,
2017/7/9,2511.43,比特币迎来新的一波产量减半
2017/7/10,2344.02,
2017/7/11,2324.29,
2017/7/12,2403.09,
2017/7/13,2362.44,
2017/7/14,2234.17,
2017/7/15,1975.08,
2017/7/16,1914.09,
2017/7/17,2233.39,
2017/7/18,2320.23,
2017/7/19,2282.58,
2017/7/20,2866.02,
2017/7/21,2675.08,
2017/7/22,2836.53,
2017/7/23,2756.61,
2017/7/24,2763.42,
2017/7/25,2582.58,
2017/7/26,2559.21,
2017/7/27,2691.88,
2017/7/28,2806.75,
2017/7/29,2733.5,
2017/7/30,2766.49,
2017/7/31,2883.27,
2017/8/1,2746.99,在比特币原有的主链上，硬分叉产生的新货币比特币现金(Bitcoin Cash)创建
2017/8/2,2720.53,
2017/8/3,2809.99,
2017/8/4,2878.49,
2017/8/5,3262.8,
2017/8/6,3232.03,
2017/8/7,3401.91,
2017/8/8,3429.38,
2017/8/9,3348.79,
2017/8/10,3425.67,
2017/8/11,3654.37,
2017/8/12,3871.62,
2017/8/13,4062.6,
2017/8/14,4327.94,
2017/8/15,4161.66,
2017/8/16,4387.4,
2017/8/17,4278.92,
2017/8/18,4105.37,
2017/8/19,4150.45,
2017/8/20,4066.6,
2017/8/21,4005.1,
2017/8/22,4089.7,
2017/8/23,4141.09,
2017/8/24,4318.35,
2017/8/25,4364.41,
2017/8/26,4352.3,
2017/8/27,4345.75,
2017/8/28,4390.31,
2017/8/29,4597.31,
2017/8/30,4583.02,
2017/8/31,4735.11,
2017/9/1,4921.85,
2017/9/2,4573.8,
2017/9/3,4612.92,
2017/9/4,4267.45,"中国人民银行 中央网信办,关于防范代币发行(ICO)融资风险的公告"
2017/9/5,4409.08,
2017/9/6,4618.71,
2017/9/7,4635.6,
2017/9/8,4326.45,
2017/9/9,4335.13,
2017/9/10,4245.89,
2017/9/11,4217.9,
2017/9/12,4158.92,
2017/9/13,3870.29,
2017/9/14,3243.08,
2017/9/15,3713.76,
2017/9/16,3698.92,
2017/9/17,3689.61,
2017/9/18,4100.28,
2017/9/19,3907.96,
2017/9/20,3882.16,
2017/9/21,3617.27,
2017/9/22,3600.83,
2017/9/23,3788.02,
2017/9/24,3667.52,
2017/9/25,3932.83,
2017/9/26,3892.7,
2017/9/27,4212.2,
2017/9/28,4195.65,
2017/9/29,4172.79,
2017/9/30,4360.62,
2017/10/1,4403.09,
2017/10/2,4401.32,
2017/10/3,4314.18,
2017/10/4,4218.66,
2017/10/5,4321.44,
2017/10/6,4371.94,
2017/10/7,4435.81,
2017/10/8,4611.7,
2017/10/9,4777.49,
2017/10/10,4763.36,
2017/10/11,4824.2,
2017/10/12,5432.62,
2017/10/13,5637.26,
2017/10/14,5824.71,
2017/10/15,5688.14,
2017/10/16,5759.33,
2017/10/17,5598.58,
2017/10/18,5575.83,
2017/10/19,5698.65,
2017/10/20,5993.11,
2017/10/21,6006.65,
2017/10/22,5982.86,
2017/10/23,5903.61,
2017/10/24,5513.08,
2017/10/25,5734,
2017/10/26,5887.61,
2017/10/27,5764.56,
2017/10/28,5726.61,
2017/10/29,6147.52,
2017/10/30,6124.28,
2017/10/31,6451.24,国内三大比特币交易所均发布公告，宣布停止人民币和比特币交易，中国境内比特币交易所全面谢幕
2017/11/1,6737.78,
2017/11/2,7024.81,
2017/11/3,7152.12,
2017/11/4,7363.8,
2017/11/5,7389.55,
2017/11/6,6959.23,
2017/11/7,7102.75,
2017/11/8,7444.36,
2017/11/9,7129.59,
2017/11/10,6565.8,
2017/11/11,6339.86,
2017/11/12,5878.13,
2017/11/13,6522.45,
2017/11/14,6597.06,
2017/11/15,7283.22,
2017/11/16,7853.68,
2017/11/17,7699.95,
2017/11/18,7780.91,
2017/11/19,8042.64,
2017/11/20,8244.69,
2017/11/21,8099.97,
2017/11/22,8234.55,
2017/11/23,8013.41,
2017/11/24,8200.8,
2017/11/25,8754.69,
2017/11/26,9318.42,
2017/11/27,9733.2,
2017/11/28,9906.04,
2017/11/29,9837.86,
2017/11/30,9946.76,
2017/12/1,10861.47,
2017/12/2,10912.73,
2017/12/3,11246.21,
2017/12/4,11623.91,
2017/12/5,11667.13,
2017/12/6,13749.57,
2017/12/7,16850.31,
2017/12/8,16047.61,
2017/12/9,14843.42,
2017/12/10,15059.6,
2017/12/11,16732.47,芝加哥期权交易所正式挂牌上市比特币期货，首个交易日盘中大涨逾20%
2017/12/12,17083.9,
2017/12/13,16286.82,
2017/12/14,16467.91,
2017/12/15,17604.85,
2017/12/16,19345.49,
2017/12/17,19065.71,
2017/12/18,18972.32,
2017/12/19,17523.7,
2017/12/20,16461.97,
2017/12/21,15632.12,
2017/12/22,13664.97,
2017/12/23,14396.46,
2017/12/24,13789.95,
2017/12/25,13833.49,
2017/12/26,15756.56,
2017/12/27,15416.64,
2017/12/28,14398.7,
2017/12/29,14392.57,
2017/12/30,12531.52,
2017/12/31,13850.4,
2018/1/1,13444.88,
2018/1/2,14754.13,
2018/1/3,15156.62,
2018/1/4,15180.08,
2018/1/5,16954.78,
2018/1/6,17172.3,
2018/1/7,16228.16,
2018/1/8,14976.17,
2018/1/9,14468.5,
2018/1/10,14919.49,
2018/1/11,13308.06,
2018/1/12,13841.19,
2018/1/13,14243.12,
2018/1/14,13638.63,
2018/1/15,13631.98,
2018/1/16,11282.49,
2018/1/17,11162.7,
2018/1/18,11175.52,
2018/1/19,11521.76,
2018/1/20,12783.94,
2018/1/21,11549.93,
2018/1/22,10814.52,
2018/1/23,10858.23,
2018/1/24,11429.02,
2018/1/25,11175.87,
2018/1/26,11104.2,
2018/1/27,11459.71,
2018/1/28,11767.74,
2018/1/29,11233.95,
2018/1/30,10107.26,
2018/1/31,10226.86,
2018/2/1,9114.72,
2018/2/2,8870.82,
2018/2/3,9251.27,
2018/2/4,8218.05,
2018/2/5,6937.08,
2018/2/6,7701.25,比特币距离2017年高点跌幅70%，跌至6000美元
2018/2/7,7592.72,
2018/2/8,8260.69,
2018/2/9,8696.83,
2018/2/10,8569.29,
2018/2/11,8084.61,
2018/2/12,8911.27,
2018/2/13,8544.69,
2018/2/14,9485.64,
2018/2/15,10033.75,
2018/2/16,10188.73,
2018/2/17,11097.21,
2018/2/18,10417.23,
2018/2/19,11182.28,
2018/2/20,11256.43,
2018/2/21,10481.66,
2018/2/22,9847.96,
2018/2/23,10175.51,
2018/2/24,9705.73,
2018/2/25,9610.11,
2018/2/26,10326.5,
2018/2/27,10594.76,
2018/2/28,10334.44,
2018/3/1,10929.37,
2018/3/2,11043.12,
2018/3/3,11465.36,
2018/3/4,11504.42,
2018/3/5,11440.73,
2018/3/6,10735.45,
2018/3/7,9928.56,
2018/3/8,9316.72,
2018/3/9,9252.76,
2018/3/10,8797.27,
2018/3/11,9544.84,
2018/3/12,9142.15,
2018/3/13,9160.12,
2018/3/14,8217.7,
2018/3/15,8268.41,
2018/3/16,8283.23,
2018/3/17,7883.45,
2018/3/18,8215.4,
2018/3/19,8623.14,
2018/3/20,8920.71,
2018/3/21,8911.35,
2018/3/22,8724.98,
2018/3/23,8934.8,
2018/3/24,8548.06,
2018/3/25,8472.84,
2018/3/26,8152.2,
2018/3/27,7808.48,
2018/3/28,7959.78,
2018/3/29,7106.62,
2018/3/30,6853.76,
2018/3/31,6943.77,
2018/4/1,6835.84,
2018/4/2,7074.6,
2018/4/3,7434.3,
2018/4/4,6815.5,
2018/4/5,6790.45,
2018/4/6,6634.86,
2018/4/7,6917.2,
2018/4/8,7049.92,
2018/4/9,6789.53,
2018/4/10,6871.07,
2018/4/11,6977.13,
2018/4/12,7927.73,
2018/4/13,7899.11,
2018/4/14,8022.51,
2018/4/15,8376.73,
2018/4/16,8079.77,
2018/4/17,7921.63,
2018/4/18,8189.96,
2018/4/19,8301.82,
2018/4/20,8877.08,
2018/4/21,8935.72,
2018/4/22,8823.36,
2018/4/23,8968.25,
2018/4/24,9655.77,
2018/4/25,8873.62,
2018/4/26,9282.12,
2018/4/27,8938.47,
2018/4/28,9351.47,
2018/4/29,9407.04,
2018/4/30,9248.45,
2018/5/1,9077.28,
2018/5/2,9232.19,
2018/5/3,9745.04,
2018/5/4,9699.61,
2018/5/5,9845.9,
2018/5/6,9644.92,
2018/5/7,9377.81,
2018/5/8,9196.13,
2018/5/9,9321.16,
2018/5/10,9032.22,
2018/5/11,8421,
2018/5/12,8486.67,
2018/5/13,8709.46,
2018/5/14,8672.9,
2018/5/15,8480.16,
2018/5/16,8344.78,
2018/5/17,8071.04,
2018/5/18,8247.91,
2018/5/19,8249.24,
2018/5/20,8533,
2018/5/21,8419.65,
2018/5/22,7992.75,
2018/5/23,7505.77,
2018/5/24,7584.74,
2018/5/25,7475.36,
